{
  "lighting": "none",
  "matrix": {
      "rows": 4,
      "cols": 15
  },
  "layouts": {
      "keymap":["0,0",{x:0.25},"0,1","0,2","0,3","0,4",{x:0.25},"0,5","0,6","0,7","0,8",{x:0.25},"0,9","0,10","0,11",{x:0.25},"0,12","0,13","0,14\nBreak"],
      [{y:0.25},"1,0","1,1","1,2","1,3","1,4","1,5","1,6","1,7","1,8","1,9","1,10",{w:1.75},"1,11",{x:0.25},"1,12","1,13","1,14"],
      [{w:1.25},"2,0","2,1","2,2","2,3","2,4","2,5","2,6","2,7","2,8","2,9","2,10",{w:1.5},"2,11"],
      [{w:1.75},"3,0","3,1","3,2","3,3","3,4","3,5","3,6","3,7","3,8","3,9","3,10","3,11",{x:1.25},"3,12"],
      [{w:1.25},"4,0","4,1","4,2",{w:6.25},"4,4","4,9","4,10",{w:1.25},"4,11",{x:0.25},"4,12","4,13","4,14"]      
}
}
