Designator,Footprint,Quantity,Value,LCSC Part #
"BOOT1, RST1",SW_SPST_TL3342,2,SW_SPST,C318884
"C1, C3, C4, C5, C6, C7, C8",402,7,100nF,C1525
"C10, C9",402,2,1uF,C52923
C2,603,1,10uF,C19702
"D1, D10, D11, D12, D13, D14, D15, D16, D17, D18, D19, D2, D20, D21, D22, D23, D24, D25, D26, D27, D28, D29, D3, D30, D31, D32, D33, D34, D35, D36, D37, D38, D39, D4, D40, D41, D42, D43, D44, D45, D46, D47, D48, D49, D5, D50, D51, D52, D53, D54, D55, D56, D57, D58, D59, D6, D60, D61, D62, D63, D64, D65, D7, D8, D9",D_SOD123,65,D_Small,C81598
F1,1206,1,500mA,C369160
J1,USB_C_Receptacle_HRO_TYPE-C-31-M-12,1,USB_C_Receptacle_USB2.0,C165948
"R1, R2, R3, R4",402,4,5.1k,C25905
U1,LQFP-48_7x7mm_P0.5mm,1,STM32F072CBT6,C81720
U2,SOT-143,1,PRTR5V0U2X,C2827688
U3,SOT-23,1,XC6206PxxxMR-Regulator_Linear,C5446