{
    "keyboard_name": "Feels Trip",
    "manufacturer": "CyberJedi",
    "url": "https://github.com/Ty-Fitz/Feels-Trip",
    "maintainer": "qmk",
    "usb": {
        "vid": "0x00DE",
        "pid": "0x0080",
        "device_version": "0.8.3"
    },
    "matrix_pins": {
        "cols": ["B12", "B11", "B10", "B2", "B1", "B0", "A7", "A6", "A5", "A4", "A3", "A2", "B6", "B4", "B5"],
        "rows": ["B15", "B14", "B13", "A1", "A0" ]
    },
    "diode_direction": "COL2ROW",
    "processor": "STM32F072",
    "bootloader": "stm32-dfu",
    "layouts": {
        "LAYOUT_one": {
            "layout": [
                {"matrix": [0, 0], "x": 0, "y": 0},

                {"matrix": [0, 1], "x": 1.25, "y": 0},
                {"matrix": [0, 2], "x": 2.25, "y": 0},
                {"matrix": [0, 3], "x": 3.25, "y": 0},
                {"matrix": [0, 4], "x": 4.25, "y": 0},

                {"matrix": [0, 5], "x": 5.5, "y": 0},
                {"matrix": [0, 6], "x": 6.5, "y": 0},
                {"matrix": [0, 7], "x": 7.5, "y": 0},
                {"matrix": [0, 8], "x": 8.5, "y": 0},

                {"matrix": [0, 9], "x": 9.75, "y": 0},
                {"matrix": [0, 10], "x": 10.75, "y": 0},
                {"matrix": [0, 11], "x": 11.75, "y": 0},

                {"matrix": [0, 12], "x": 13, "y": 0},
                {"matrix": [0, 13], "x": 14, "y": 0},
                {"matrix": [0, 14], "x": 15, "y": 0},

                {"matrix": [1, 0], "x": 0, "y": 1.25},
                {"matrix": [1, 1], "x": 1, "y": 1.25},
                {"matrix": [1, 2], "x": 2, "y": 1.25},
                {"matrix": [1, 3], "x": 3, "y": 1.25},
                {"matrix": [1, 4], "x": 4, "y": 1.25},
                {"matrix": [1, 5], "x": 5, "y": 1.25},
                {"matrix": [1, 6], "x": 6, "y": 1.25},
                {"matrix": [1, 7], "x": 7, "y": 1.25},
                {"matrix": [1, 8], "x": 8, "y": 1.25},
                {"matrix": [1, 9], "x": 9, "y": 1.25},
                {"matrix": [1, 10], "x": 10, "y": 1.25},
                {"matrix": [1, 11], "x": 11, "y": 1.25, "w":1.75},

                {"matrix": [1, 12], "x": 13, "y": 1.25},
                {"matrix": [1, 13], "x": 14, "y": 1.25},
                {"matrix": [1, 14], "x": 15, "y": 1.25},

                {"matrix": [2, 0], "x": 0, "y": 2.25, "w": 1.25},
                {"matrix": [2, 1], "x": 1.25, "y": 2.25},
                {"matrix": [2, 2], "x": 2.25, "y": 2.25},
                {"matrix": [2, 3], "x": 3.25, "y": 2.25},
                {"matrix": [2, 4], "x": 4.25, "y": 2.25},
                {"matrix": [2, 5], "x": 5.25, "y": 2.25},
                {"matrix": [2, 6], "x": 6.25, "y": 2.25},
                {"matrix": [2, 7], "x": 7.25, "y": 2.25},
                {"matrix": [2, 8], "x": 8.25, "y": 2.25},
                {"matrix": [2, 9], "x": 9.25, "y": 2.25},
                {"matrix": [2, 10], "x": 10.25, "y": 2.25},
                {"matrix": [2, 11], "x": 11.25, "y": 2.25, "w":1.5},

                {"matrix": [3, 0], "x": 0, "y": 3.25, "w": 1.75},
                {"matrix": [3, 1], "x": 1.75, "y": 3.25},
                {"matrix": [3, 2], "x": 2.75, "y": 3.25},
                {"matrix": [3, 3], "x": 3.75, "y": 3.25},
                {"matrix": [3, 4], "x": 4.75, "y": 3.25},
                {"matrix": [3, 5], "x": 5.75, "y": 3.25},
                {"matrix": [3, 6], "x": 6.75, "y": 3.25},
                {"matrix": [3, 7], "x": 7.75, "y": 3.25},
                {"matrix": [3, 8], "x": 8.75, "y": 3.25},
                {"matrix": [3, 9], "x": 9.75, "y": 3.25},
                {"matrix": [3, 10], "x": 10.75, "y": 3.25},
                {"matrix": [3, 11], "x": 11.75, "y": 3.25},
                {"matrix": [3, 12], "x": 14, "y": 3.25},

                {"matrix": [4, 0], "x": 0, "y": 4.25, "w": 1.25},
                {"matrix": [4, 1], "x": 1.25, "y": 4.25},
                {"matrix": [4, 2], "x": 2.25, "y": 4.25},
                {"matrix": [4, 4], "x": 3.25, "y": 4.25, "w":6.25},
                {"matrix": [4, 9], "x": 9.5, "y": 4.25},
                {"matrix": [4, 10], "x": 10.5, "y": 4.25},
                {"matrix": [4, 11], "x": 11.5, "y": 4.25},

                {"matrix": [4, 12], "x": 13, "y": 4.25},
                {"matrix": [4, 13], "x": 14, "y": 4.25},
                {"matrix": [4, 14], "x": 15, "y": 4.25}


            ]
        }
    }
}